{
  "combined": { 
    "0.0": [
      [0.760952, -0.648808, -0.0, -1.215858, -0.648808, -0.760952, 0.0, 0.273313, -1e-06, 0.0, -1.0, -5.872119, 0.0, 0.0, 0.0, 1.0]
    ],
    "0.416667": [
      [0.333676, -0.942688, -0.0, 0.138561, -0.942688, -0.333676, 1e-06, 0.273313, -1e-06, 0.0, -1.0, -5.872119, 0.0, 0.0, 0.0, 1.0]
    ],
    "0.833333": [
      [0.333676, -0.942688, -0.0, 2.201935, -0.913567, -0.323369, 0.246633, 3.46537, -0.232498, -0.082295, -0.969109, -5.589948, 0.0, 0.0, 0.0, 1.0]
    ],
    "1.25": [
      [1.0, 0.0, -1e-06, 2.201934, 0.0, -1.0, 0.0, 3.46537, -1e-06, 0.0, -1.0, -5.431227, 0.0, 0.0, 0.0, 1.0]
    ],
    "1.666667": [
      [1.0, 0.0, -1e-06, -0.794719, 0.0, -1.0, 0.0, 1.1036, -1e-06, 0.0, -1.0, -4.390017, 0.0, 0.0, 0.0, 1.0]
    ],
    "2.083333": [
      [0.760952, -0.648808, -0.0, -1.215858, -0.648808, -0.760952, 0.0, 0.273313, -1e-06, 0.0, -1.0, -5.872119, 0.0, 0.0, 0.0, 1.0]
    ],
    "2.5": [
      [0.992546, -0.121869, -1e-06, -1.018354, -0.121869, -0.992546, 0.0, 3.345929, -1e-06, 0.0, -1.0, -5.872119, 0.0, 0.0, 0.0, 1.0]
    ],
    "2.666667": [
      [0.992546, -0.121869, -1e-06, -1.018354, -0.121869, -0.992546, 0.0, 3.781369, -1e-06, 0.0, -1.0, -5.872119, 0.0, 0.0, 0.0, 1.0]
    ],
    "2.833333": [
      [0.992546, -0.121869, -1e-06, -1.018354, -0.081453, -0.663388, 0.743829, 1.934566, -0.09065, -0.738285, -0.66837, -3.607375, 0.0, 0.0, 0.0, 1.0]
    ],
    "3.0": [
      [0.992546, -0.121869, -1e-06, -1.018354, -0.117027, -0.953111, 0.279077, -0.799032, -0.034012, -0.276997, -0.960269, -4.575021, 0.0, 0.0, 0.0, 1.0]
    ],
    "3.166667": [
      [0.992546, -0.094832, -0.076544, -1.180326, -0.121869, -0.772348, -0.623399, -1.826696, -1e-06, 0.628081, -0.778148, -5.85968, 0.0, 0.0, 0.0, 1.0]
    ],
    "3.333333": [
      [0.992546, -0.121869, -1e-06, -1.180326, -0.121869, -0.992546, -0.0, -1.043315, -1e-06, 0.0, -1.0, -5.877051, 0.0, 0.0, 0.0, 1.0]
    ],
    "3.5": [
      [0.992546, -0.121869, -1e-06, -1.180326, -0.121869, -0.992546, -0.0, 0.754751, -1e-06, 0.0, -1.0, -5.889798, 0.0, 0.0, 0.0, 1.0]
    ],
    "3.666667": [
      [0.992546, -0.121869, -1e-06, -1.180326, -0.121869, -0.992546, -0.0, 2.085263, -1e-06, 0.0, -1.0, -6.289648, 0.0, 0.0, 0.0, 1.0]
    ],
    "3.833333": [
      [0.992546, -0.121869, -1e-06, -1.018354, -0.121869, -0.992546, 0.0, 3.345929, -1e-06, 0.0, -1.0, -5.910571, 0.0, 0.0, 0.0, 1.0]
    ],
    "2.583333": [
      [0.992546, -0.121869, -1e-06, -1.018354, -0.121869, -0.992546, 0.0, 3.563649, -1e-06, 0.0, -1.0, -5.872119, 0.0, 0.0, 0.0, 1.0]
    ],
    "2.708333": [
      [0.992546, -0.121869, -1e-06, -1.018354, -0.119258, -0.971283, 0.205882, 3.319668, -0.025091, -0.204347, -0.978577, -5.305933, 0.0, 0.0, 0.0, 1.0]
    ],
    "3.25": [
      [1.0, 0.0, -1e-06, -1.180326, 0.0, -1.0, 0.0, -1.380774, -1e-06, 0.0, -1.0, -5.874879, 0.0, 0.0, 0.0, 1.0]
    ]
  },
  "point": { 
    "0.0": [
      [1.0, 0.0, -1e-06, -1.21632, 0.0, -1.0, 0.0, 0.664387, -1e-06, 0.0, -1.0, -5.872119, 0.0, 0.0, 0.0, 1.0]
    ],
    "0.416667": [
      [1.0, 0.0, -1e-06, -1.21632, 0.0, -1.0, 0.0, 0.664387, -1e-06, 0.0, -1.0, -5.872119, 0.0, 0.0, 0.0, 1.0]
    ],
    "0.833333": [
      [1.0, 0.0, -1e-06, -1.21632, 0.0, -1.0, 0.0, 0.664387, -1e-06, 0.0, -1.0, -5.872119, 0.0, 0.0, 0.0, 1.0]
    ],
    "1.25": [
      [1.0, 0.0, -1e-06, -1.21632, 0.0, -1.0, 0.0, 0.664387, -1e-06, 0.0, -1.0, -5.872119, 0.0, 0.0, 0.0, 1.0]
    ],
    "1.666667": [
      [1.0, 0.0, -1e-06, -1.21632, 0.0, -1.0, 0.0, 0.664387, -1e-06, 0.0, -1.0, -5.872119, 0.0, 0.0, 0.0, 1.0]
    ]
  },
  "throw": { 
    "0.0": [
      [0.760952, -0.648808, -0.0, -1.215858, -0.648808, -0.760952, 0.0, 0.273313, -1e-06, 0.0, -1.0, -5.872119, 0.0, 0.0, 0.0, 1.0]
    ],
    "0.416667": [
      [0.333676, -0.942688, -0.0, 0.138561, -0.942688, -0.333676, 1e-06, 0.273313, -1e-06, 0.0, -1.0, -5.872119, 0.0, 0.0, 0.0, 1.0]
    ],
    "0.833333": [
      [0.333676, -0.942688, -0.0, 2.201935, -0.913567, -0.323369, 0.246633, 3.46537, -0.232498, -0.082295, -0.969109, -5.589948, 0.0, 0.0, 0.0, 1.0]
    ],
    "1.25": [
      [1.0, 0.0, -1e-06, 2.201934, 0.0, -1.0, 0.0, 3.46537, -1e-06, 0.0, -1.0, -5.431227, 0.0, 0.0, 0.0, 1.0]
    ],
    "1.666667": [
      [1.0, 0.0, -1e-06, -0.794719, 0.0, -1.0, 0.0, 1.1036, -1e-06, 0.0, -1.0, -4.390017, 0.0, 0.0, 0.0, 1.0]
    ]
  },
  "Walk_blocking": { 
    "0.0": [
      [0.992546, -0.121869, -1e-06, -1.018354, -0.121869, -0.992546, 0.0, 3.345929, -1e-06, 0.0, -1.0, -5.872119, 0.0, 0.0, 0.0, 1.0]
    ],
    "0.166667": [
      [0.992546, -0.121869, -1e-06, -1.018354, -0.121869, -0.992546, 0.0, 3.781369, -1e-06, 0.0, -1.0, -5.872119, 0.0, 0.0, 0.0, 1.0]
    ],
    "0.333333": [
      [0.992546, -0.121869, -1e-06, -1.018354, -0.081453, -0.663388, 0.743829, 1.934566, -0.09065, -0.738285, -0.66837, -3.607375, 0.0, 0.0, 0.0, 1.0]
    ],
    "0.5": [
      [0.992546, -0.121869, -1e-06, -1.018354, -0.117027, -0.953111, 0.279077, -0.799032, -0.034012, -0.276997, -0.960269, -4.575021, 0.0, 0.0, 0.0, 1.0]
    ],
    "0.666667": [
      [0.992546, -0.094832, -0.076544, -1.180326, -0.121869, -0.772348, -0.623399, -2.035151, -1e-06, 0.628081, -0.778148, -5.764137, 0.0, 0.0, 0.0, 1.0]
    ],
    "0.833333": [
      [0.992546, -0.121869, -1e-06, -1.180326, -0.121869, -0.992546, -0.0, -1.043315, -1e-06, 0.0, -1.0, -5.764137, 0.0, 0.0, 0.0, 1.0]
    ],
    "1.0": [
      [0.992546, -0.121869, -1e-06, -1.180326, -0.121869, -0.992546, -0.0, 0.754751, -1e-06, 0.0, -1.0, -5.764138, 0.0, 0.0, 0.0, 1.0]
    ],
    "1.166667": [
      [0.992546, -0.121869, -1e-06, -1.180326, -0.121869, -0.992546, -0.0, 2.085263, -1e-06, 0.0, -1.0, -5.764138, 0.0, 0.0, 0.0, 1.0]
    ],
    "1.333333": [
      [0.992546, -0.121869, -1e-06, -1.018354, -0.121869, -0.992546, 0.0, 3.345929, -1e-06, 0.0, -1.0, -5.872119, 0.0, 0.0, 0.0, 1.0]
    ]
  },
  "Walk_polish": { 
    "0.0": [
      [0.992546, -0.121869, -1e-06, -1.018354, -0.121869, -0.992546, 0.0, 3.345929, -1e-06, 0.0, -1.0, -5.872119, 0.0, 0.0, 0.0, 1.0]
    ],
    "0.166667": [
      [0.992546, -0.121869, -1e-06, -1.018354, -0.121869, -0.992546, 0.0, 3.781369, -1e-06, 0.0, -1.0, -5.872119, 0.0, 0.0, 0.0, 1.0]
    ],
    "0.333333": [
      [0.992546, -0.121869, -1e-06, -1.018354, -0.081453, -0.663388, 0.743829, 1.934566, -0.09065, -0.738285, -0.66837, -3.607375, 0.0, 0.0, 0.0, 1.0]
    ],
    "0.5": [
      [0.992546, -0.121869, -1e-06, -1.018354, -0.117027, -0.953111, 0.279077, -0.799032, -0.034012, -0.276997, -0.960269, -4.575021, 0.0, 0.0, 0.0, 1.0]
    ],
    "0.666667": [
      [0.992546, -0.094832, -0.076544, -1.180326, -0.121869, -0.772348, -0.623399, -1.826696, -1e-06, 0.628081, -0.778148, -5.85968, 0.0, 0.0, 0.0, 1.0]
    ],
    "0.833333": [
      [0.992546, -0.121869, -1e-06, -1.180326, -0.121869, -0.992546, -0.0, -1.043315, -1e-06, 0.0, -1.0, -5.877051, 0.0, 0.0, 0.0, 1.0]
    ],
    "1.0": [
      [0.992546, -0.121869, -1e-06, -1.180326, -0.121869, -0.992546, -0.0, 0.754751, -1e-06, 0.0, -1.0, -5.889798, 0.0, 0.0, 0.0, 1.0]
    ],
    "1.166667": [
      [0.992546, -0.121869, -1e-06, -1.180326, -0.121869, -0.992546, -0.0, 2.085263, -1e-06, 0.0, -1.0, -6.289648, 0.0, 0.0, 0.0, 1.0]
    ],
    "1.333333": [
      [0.992546, -0.121869, -1e-06, -1.018354, -0.121869, -0.992546, 0.0, 3.345929, -1e-06, 0.0, -1.0, -5.910571, 0.0, 0.0, 0.0, 1.0]
    ],
    "0.083333": [
      [0.992546, -0.121869, -1e-06, -1.018354, -0.121869, -0.992546, 0.0, 3.563649, -1e-06, 0.0, -1.0, -5.872119, 0.0, 0.0, 0.0, 1.0]
    ],
    "0.208333": [
      [0.992546, -0.121869, -1e-06, -1.018354, -0.119258, -0.971283, 0.205882, 3.319668, -0.025091, -0.204347, -0.978577, -5.305933, 0.0, 0.0, 0.0, 1.0]
    ],
    "0.75": [
      [1.0, 0.0, -1e-06, -1.180326, 0.0, -1.0, 0.0, -1.380774, -1e-06, 0.0, -1.0, -5.874879, 0.0, 0.0, 0.0, 1.0]
    ]
  }
}